<?xml version="1.0" encoding="UTF-8"?>
<project-private xmlns="http://www.netbeans.org/ns/project-private/1">
    <editor-bookmarks xmlns="http://www.netbeans.org/ns/editor-bookmarks/2" lastBookmarkId="0"/>
    <open-files xmlns="http://www.netbeans.org/ns/projectui-open-files/2">
        <group>
            <file>file:/home/vmadmin/Dokumente/Modul411/XOR_Crypt/src/xor_crypt/AB411_03_XOR.java</file>
            <file>file:/home/vmadmin/Dokumente/Modul411/XOR_Crypt/src/xor_crypt/XOR_Crypt.java</file>
        </group>
    </open-files>
</project-private>
